{"cameraMode":{"drawMode":0,"name":"Shaded","section":"Shading Mode"},"sceneLighting":false,"audioPlay":false,"sceneViewState":{"showFog":true,"showMaterialUpdate":false,"showSkybox":false,"showFlares":true,"showImageEffects":true,"showParticleSystems":true},"in2DMode":false,"pivot":{"x":12.662399291992188,"y":11.743669509887696,"z":18.510000228881837},"rotation":{"x":-0.11490702629089356,"y":0.7744942307472229,"z":-0.14716635644435883,"w":-0.604443371295929},"size":72.85687255859375,"orthographic":false}