{"cameraMode":{"drawMode":0,"name":"Shaded","section":"Shading Mode"},"sceneLighting":true,"audioPlay":false,"sceneViewState":{"showFog":true,"showMaterialUpdate":false,"showSkybox":true,"showFlares":true,"showImageEffects":true,"showParticleSystems":true},"in2DMode":false,"pivot":{"x":-1.6123183965682984,"y":16.8779239654541,"z":24.718704223632814},"rotation":{"x":-0.0012154598953202367,"y":0.9987764358520508,"z":0.04407461732625961,"w":0.02457771636545658},"size":1.7499561309814454,"orthographic":false}